url,brand,category,capability,status,page_title,date_accessed
https://chery.co.id/en,Chery,CONFIGURE,Charging map; Chatbot; Cost-of-ownership calculator; Model configurator; Model finder; Public pricing,Not found,Experience drive of the future with Chery Indonesia!,2026-09-24
https://chery.co.id/en/booking-service,Chery,OWNERSHIP & AFTERSALES,Service booking,Confirmed,Booking Service | Chery Indonesia,2026-09-24
https://chery.co.id/en/credit-simulation/form,Chery,PRICE & FINANCE,Finance calculator,Confirmed,Credit Simulation | Chery Indonesia,2026-09-24
https://chery.co.id/en/dealers,Chery,CONVERT,Dealer locator; Test-drive booking,Partial,"Find the closest Chery Dealer in your city, and get the exclusive offer! | Chery Indonesia",2026-09-24
https://customercare.wuling.id/en/support/login,Wuling,CUSTOMER ASSISTANCE,Chatbot,Confirmed,Login : Wuling Customer Care,2026-09-24
https://daihatsu.co.id/,Daihatsu,CONFIGURE,Chatbot; Model configurator; Model finder; Test-drive booking; Trade-in information; Vehicle comparison; Vehicle subscription,Not found,"Daihatsu Indonesia - Merk Mobil Keluarga Terbaik, Mobil Terlaris 2026",2026-09-24
https://daihatsu.co.id/ownership/mobile-services,Daihatsu,CONNECTED VEHICLE,Mobile application; Service booking,Partial,Daihatsu Mobile Service | Daihatsu Indonesia,2026-09-28
https://daihatsu.co.id/price-list,Daihatsu,PRICE & FINANCE,Public pricing,Confirmed,Harga Resmi Daihatsu Baru | Daihatsu Indonesia,2026-09-28
https://daihatsu.co.id/product/rocky-hybrid/,Daihatsu,EXPLORE,Colour visualisation,Confirmed,Daihatsu Rocky e-Smart Hybrid | Daihatsu Indonesia,2026-09-28
https://daihatsu.co.id/shopping/dealer/,Daihatsu,DEALER & INVENTORY,Dealer locator,Partial,Daftar Dealer Mobil | Daihatsu Indonesia,2026-09-24
https://daihatsu.co.id/simulasi-kredit/,Daihatsu,PRICE & FINANCE,Finance calculator,Unknown,Under Maintenance | Daihatsu Indonesia,2026-09-24
https://dealerhonda-indonesia.com/,Honda,DEALER & INVENTORY,Dealer locator,Confirmed,Honda Prospect Motor Locator/Finder | Honda Dealer,2026-09-28
https://hyundaifinance.co.id/en/credit-simulation,Hyundai,PRICE & FINANCE,Finance calculator,Confirmed,Hyundai Capital - Credit Simulation,2026-09-24
https://isuzu-astra.com/,Isuzu,CONFIGURE,Chatbot; Model configurator; Model finder; Request quote; Trade-in information; Vehicle subscription,Not found,Isuzu Astra Motor Indonesia,2026-09-24
https://isuzu-astra.com/all-new-isuzu-d-max/,Isuzu,CONVERT,Colour visualisation; Public pricing; Test-drive booking,Not found,Isuzu Astra Motor Indonesia - All New Isuzu D-Max,2026-09-28
https://isuzu-astra.com/compare/,Isuzu,DISCOVER,Vehicle comparison,Confirmed,Isuzu Astra Motor Indonesia - Compare,2026-09-28
https://isuzu-astra.com/credit-simulation/,Isuzu,PRICE & FINANCE,Finance calculator,Confirmed,Isuzu Astra Motor Indonesia - Credit Simulation,2026-09-24
https://isuzu-astra.com/dealer/,Isuzu,DEALER & INVENTORY,Dealer locator,Confirmed,Isuzu Astra Motor Indonesia - Dealer,2026-09-24
https://isuzu-astra.com/services/?q=isuzu-link,Isuzu,CONNECTED VEHICLE,Fleet telematics,Confirmed,Layanan After Sales Isuzu - Information,2026-09-24
https://isuzu-astra.com/services/?q=myisuzuid,Isuzu,CONNECTED VEHICLE,Customer account; Mobile application,Confirmed,Layanan After Sales Isuzu - Information,2026-09-28
https://isuzu-astra.com/services/?q=service,Isuzu,OWNERSHIP & AFTERSALES,Service booking,Not found,Layanan After Sales Isuzu - Information,2026-09-28
https://itstimeforeveryone.toyota.astra.co.id/charging-station,Toyota,ELECTRIFICATION,Charging map,Confirmed,Charging Station | Teknologi Mobil Listrik Toyota | Toyota Electrified,2026-09-24
https://jaecoo.id/en,Jaecoo,CUSTOMER ASSISTANCE,Chatbot; Finance calculator; Public pricing; Vehicle comparison,Not found,JAECOO Indonesia | Premium SUV with Advanced Technology,2026-09-24
https://jaecoo.id/en/dealers,Jaecoo,DEALER & INVENTORY,Dealer locator,Confirmed,JAECOO Dealer Locations Your Nearest Showroom,2026-09-24
https://jaecoo.id/en/model/jaecoo-j7,Jaecoo,CONFIGURE,Model configurator; Test-drive booking,Not found,Urban Luxury Reimagined with JAECOO J7 SHS,2026-09-24
https://shop.vinfastauto.id/reservation?model=VF5,VinFast,CONFIGURE,Model configurator; Online reservation,Confirmed,Reserve your VinFast EV now | VinFast Indonesia,2026-09-24
https://vinfastauto.id/en,VinFast,CUSTOMER ASSISTANCE,Chatbot; Finance calculator; Vehicle comparison,Not found,Homepage | VinFast,2026-09-24
https://vinfastauto.id/en/dealer-locator,VinFast,DEALER & INVENTORY,Dealer locator,Confirmed,Dealer Locator | VinFast,2026-09-24
https://vinfastauto.id/en/total-cost-of-ownership,VinFast,ELECTRIFICATION,Cost-of-ownership calculator,Confirmed,VinFast,2026-09-24
https://vinfastauto.id/find-us,VinFast,ELECTRIFICATION,Charging map,Confirmed,Find Us | VinFast,2026-09-24
https://wuling.id/en,Wuling,CONFIGURE,Customer account; Finance calculator; Model configurator; Trade-in information; Vehicle subscription,Not found,Drive Your Car With Family for A Better Life | Wuling,2026-09-24
https://wuling.id/en/after-sales,Wuling,OWNERSHIP & AFTERSALES,Service booking,Not found,Layanan Purna Jual | Wuling,2026-09-28
https://wuling.id/en/comparison-car,Wuling,DISCOVER,Vehicle comparison,Confirmed,Comparison of Wuling Car Types | Wuling,2026-09-24
https://wuling.id/en/dealer,Wuling,DEALER & INVENTORY,Dealer locator,Confirmed,The Closest Dealer Address of Wuling Motors in Your City | Wuling,2026-09-24
https://wuling.id/en/electric-vehicle/charging-location,Wuling,ELECTRIFICATION,Charging map,Partial,Wuling Charging Station Locations in Your City | Wuling,2026-09-28
https://wuling.id/en/ev-calculator,Wuling,ELECTRIFICATION,Cost-of-ownership calculator,Partial,Air EV Cost of Ownership: Hitung Hemat Biaya Pemakaiannya | Wuling,2026-09-28
https://wuling.id/en/iov,Wuling,CONNECTED VEHICLE,Mobile application,Confirmed,Smartphone Interconnection | Wuling,2026-09-28
https://wuling.id/en/price-list,Wuling,PRICE & FINANCE,Public pricing,Unknown,Wuling Price List,2026-09-28
https://wuling.id/en/purchasing-consultation,Wuling,CONVERT,Request quote,Confirmed,Purchasing Consultation | Wuling,2026-09-28
https://wuling.id/en/test-drive,Wuling,CONVERT,Test-drive booking,Confirmed,"Form for Wuling Car Test Drive, Register Now! | Wuling",2026-09-24
https://www.astra-daihatsu.id/c/mobil-baru-daihatsu,Daihatsu,CONVERT,Request quote,Unknown,Attention Required! | Cloudflare,2026-09-24
https://www.byd.com/id,BYD,DISCOVER,Finance calculator; Vehicle comparison,Not found,BYD Indonesia,2026-09-24
https://www.byd.com/id/aftersales/byd-apps,BYD,CONNECTED VEHICLE,Mobile application,Confirmed,BYD Apps | BYD Indonesia,2026-09-24
https://www.byd.com/id/aftersales/service-pemeliharaan,BYD,OWNERSHIP & AFTERSALES,Service booking,Confirmed,Servis dan Pemeliharaan | BYD Indonesia,2026-09-24
https://www.byd.com/id/car/seal,BYD,CUSTOMER ASSISTANCE,Chatbot,Confirmed,BYD Seal - Cerdas & Dinamis | BYD Indonesia,2026-09-24
https://www.byd.com/id/find-store,BYD,DEALER & INVENTORY,Dealer locator,Partial,BYD Indonesia,2026-09-24
https://www.byd.com/id/order-seal,BYD,CONFIGURE,Model configurator,Confirmed,Order Seal | BYD Indonesia,2026-09-24
https://www.byd.com/id/pricelist,BYD,PRICE & FINANCE,Public pricing,Confirmed,Daftar Harga | BYD Indonesia,2026-09-24
https://www.byd.com/id/test-asia-driver,BYD,CONVERT,Test-drive booking,Partial,BYD Indonesia,2026-09-24
https://www.geelyauto.id/,Geely,CONVERT,Charging map; Chatbot; Finance calculator; Request quote; Vehicle comparison,Not found,Geely Auto Indonesia Homepage,2026-09-24
https://www.geelyauto.id/care,Geely,OWNERSHIP & AFTERSALES,Service booking,Not found,Geely Care+ | Always For You,2026-09-24
https://www.geelyauto.id/find-us,Geely,DEALER & INVENTORY,Dealer locator,Confirmed,Find Us,2026-09-24
https://www.geelyauto.id/models/geely-ex2,Geely,EXPLORE,Colour visualisation; Public pricing,Confirmed,GEELY EX2 | Geely Auto Indonesia,2026-09-24
https://www.geelyauto.id/testdrive,Geely,CONVERT,Test-drive booking,Confirmed,Test Drive,2026-09-24
https://www.honda-indonesia.com/,Honda,CUSTOMER ASSISTANCE,Chatbot; Public pricing; Trade-in information,Confirmed,Honda Indonesia The Power of Dreams,2026-09-24
https://www.honda-indonesia.com/aftersales/customer-care/e-care,Honda,OWNERSHIP & AFTERSALES,Service booking,Partial,Download Honda e-Care :: Honda Indonesia,2026-09-28
https://www.honda-indonesia.com/book-now,Honda,CONVERT,Test-drive booking,Confirmed,Book Now :: Honda Indonesia,2026-09-28
https://www.honda-indonesia.com/city,Honda,EXPLORE,Colour visualisation,Partial,New Honda City :: Honda Indonesia,2026-09-28
https://www.honda-indonesia.com/compare,Honda,DISCOVER,Vehicle comparison,Confirmed,Compare :: Honda Indonesia,2026-09-24
https://www.honda-indonesia.com/credit-simulation,Honda,CONFIGURE,Finance calculator; Model configurator,Confirmed,Credit Simulation :: Honda Indonesia,2026-09-24
https://www.honda-indonesia.com/hondaconnect,Honda,CONNECTED VEHICLE,Mobile application,Confirmed,Honda CONNECT :: Honda Indonesia,2026-09-28
https://www.hyundai.com/id/en,Hyundai,CUSTOMER ASSISTANCE,Chatbot; Cost-of-ownership calculator; Public pricing,Not found,"Hyundai Motor Indonesia - EV, SUV, MPV & Hybrid",2026-09-24
https://www.hyundai.com/id/en/build-a-car/build-and-price/build-and-price-steps?productCode=stargazer-cartenz-x,Hyundai,CONFIGURE,Model configurator,Confirmed,Build My Hyundai | Build & Price | Hyundai Indonesia,2026-09-24
https://www.hyundai.com/id/en/hyundai-story/hyundaibluelink/subscription,Hyundai,CONNECTED VEHICLE,Mobile application,Confirmed,Hyundai Bluelink Subscription | Hyundai Indonesia,2026-09-28
https://www.hyundai.com/id/en/myhyundaicare/jual-kembali/trade-in,Hyundai,TRADE-IN & USED VEHICLES,Trade-in information,Confirmed,Trade-in Program | myHyundaiCare | Hyundai Indonesia,2026-09-24
https://www.hyundai.com/id/en/myhyundaicare/kepemilikan/ev-charging,Hyundai,ELECTRIFICATION,Charging map,Partial,EV Charging Station | Hyundai Indonesia,2026-09-28
https://www.hyundai.com/id/en/myhyundaicare/kepemilikan/hyundai-subscribe,Hyundai,EMERGING EXPERIENCES,Vehicle subscription,Confirmed,Hyundai Subscribe | Ownership | myHyundaiCare,2026-09-28
https://www.hyundai.com/id/en/myhyundaicare/kepemilikan/myhyundai-indonesia,Hyundai,PERSONALISATION & RETENTION,Customer account,Confirmed,myHyundai Indonesia | Hyundai Motor Indonesia,2026-09-28
https://www.hyundai.com/id/en/myhyundaicare/kepemilikan/perawatan,Hyundai,OWNERSHIP & AFTERSALES,Service booking,Not found,Maintenance | myHyundaiCare | Hyundai Motor Indonesia,2026-09-28
https://www.hyundai.com/id/en/myhyundaicare/pembelian/minta-penawaran,Hyundai,CONVERT,Request quote,Confirmed,Book Now | myHyundaiCare | Hyundai Indonesia,2026-09-24
https://www.hyundai.com/id/en/utility/sitemap,Hyundai,CONVERT,Dealer locator; Test-drive booking; Vehicle comparison,Not found,Hyundai Sitemap | Hyundai Motors Indonesia,2026-09-24
https://www.mgmotor.id/,MG,CUSTOMER ASSISTANCE,Chatbot; Finance calculator,Confirmed,MG Motor Indonesia Official Site,2026-09-24
https://www.mgmotor.id/comparison,MG,DISCOVER,Vehicle comparison,Confirmed,MG Motor Indonesia Official Site,2026-09-24
https://www.mgmotor.id/innovation/ismart,MG,CONNECTED VEHICLE,Mobile application,Confirmed,MG i-SMART | Teknologi Konektivitas Pintar Mobil MG,2026-09-24
https://www.mgmotor.id/mgcare/customercare,MG,OWNERSHIP & AFTERSALES,Service booking,Not found,MG Care | MG Motor Indonesia,2026-09-24
https://www.mgmotor.id/mgdealer,MG,DEALER & INVENTORY,Dealer locator,Confirmed,Dealer MG Indonesia | Temukan Showroom Terdekat,2026-09-24
https://www.mgmotor.id/testdrive,MG,CONVERT,Test-drive booking,Confirmed,Test Drive MG Indonesia | Coba Mobil MG Sekarang,2026-09-24
https://www.mitsubishi-motors.co.id/,Mitsubishi,CONFIGURE,Chatbot; Model configurator; Public pricing,Not found,Drive your Ambition | Mitsubishi Motors Indonesia,2026-09-24
https://www.mitsubishi-motors.co.id/aftersales/maintenance,Mitsubishi,OWNERSHIP & AFTERSALES,Service booking,Partial,Layanan Perawatan Mobil Resmi dari Mitsubishi Motors Indonesia,2026-09-28
https://www.mitsubishi-motors.co.id/car-comparison?method=unit,Mitsubishi,DISCOVER,Vehicle comparison,Confirmed,Drive your Ambition | Mitsubishi Motors Indonesia,2026-09-24
https://www.mitsubishi-motors.co.id/cari-dealer,Mitsubishi,DEALER & INVENTORY,Dealer locator,Confirmed,Cari Dealer | Mitsubishi Motors Indonesia,2026-09-24
https://www.mitsubishi-motors.co.id/konsultasi-pembelian,Mitsubishi,CONVERT,Request quote,Confirmed,Konsultasi Pembelian | Mitsubishi Motors Indonesia,2026-09-24
https://www.mitsubishi-motors.co.id/mitsubishi-connect,Mitsubishi,CONNECTED VEHICLE,Mobile application,Confirmed,Cek Beragam Fitur Mitsubishi Connect,2026-09-24
https://www.mitsubishi-motors.co.id/my-mitsubishi-motors-id,Mitsubishi,PERSONALISATION & RETENTION,Customer account,Confirmed,My Mitsubishi Motors ID: Kelola Mobil & Layanan Anda,2026-09-24
https://www.mitsubishi-motors.co.id/simulasi-kredit,Mitsubishi,PRICE & FINANCE,Finance calculator,Partial,Simulasi Kredit | Mitsubishi Motors Indonesia,2026-09-24
https://www.mitsubishi-motors.co.id/test-drive,Mitsubishi,CONVERT,Test-drive booking,Confirmed,Test Drive | Mitsubishi Motors Indonesia,2026-09-24
https://www.suzuki.co.id/automobile/simulasi-kredit,Suzuki,PRICE & FINANCE,Finance calculator,Confirmed,Credit Simulasi Mobil | Suzuki Indonesia,2026-09-24
https://www.suzuki.co.id/autovalue,Suzuki,TRADE-IN & USED VEHICLES,Trade-in information,Confirmed,Autovalue | Suzuki Indonesia,2026-09-24
https://www.suzuki.co.id/compare,Suzuki,DISCOVER,Vehicle comparison,Unknown,Compare Vehicle | Suzuki Indonesia,2026-09-24
https://www.suzuki.co.id/dealers,Suzuki,CUSTOMER ASSISTANCE,Chatbot; Dealer locator,Unknown,Dealer Resmi Suzuki | Suzuki Indonesia,2026-09-24
https://www.suzuki.co.id/konsultasi-pembelian/automobile,Suzuki,CONVERT,Request quote,Confirmed,Suzuki Konsultasi Pembelian | Suzuki Indonesia,2026-09-28
https://www.suzuki.co.id/pricelist,Suzuki,PRICE & FINANCE,Public pricing,Confirmed,Daftar Harga Kendaraan Suzuki | Suzuki Indonesia,2026-09-28
https://www.suzuki.co.id/services/automobile/booking,Suzuki,OWNERSHIP & AFTERSALES,Service booking,Confirmed,Booking Servis Mobil Suzuki | Suzuki Indonesia,2026-09-28
https://www.suzuki.co.id/test-drive/automobile,Suzuki,CONVERT,Test-drive booking,Confirmed,Test Drive Mobil Suzuki - Booking Online | Suzuki Indonesia,2026-09-24
https://www.toyota.astra.co.id/,Toyota,CUSTOMER ASSISTANCE,Chatbot; Customer account; Model finder; Public pricing,Confirmed,Toyota Indonesia,2026-09-24
https://www.toyota.astra.co.id/g-fleet,Toyota,CONNECTED VEHICLE,Fleet telematics,Confirmed,Fleet Management Service | PT. Toyota-Astra Motor,2026-09-24
https://www.toyota.astra.co.id/kinto,Toyota,EMERGING EXPERIENCES,Vehicle subscription,Confirmed,Langganan Mobil Toyota via KINTO,2026-09-24
https://www.toyota.astra.co.id/service-booking,Toyota,OWNERSHIP & AFTERSALES,Service booking,Confirmed,Booking Service Toyota Online | PT. Toyota Astra Motor,2026-09-28
https://www.toyota.astra.co.id/shopping-tools/build-your-vehicle/build-car,Toyota,CONFIGURE,Colour visualisation; Model configurator,Confirmed,Build Car | Toyota Indonesia,2026-09-28
https://www.toyota.astra.co.id/shopping-tools/financial-simulation/simulation-detail,Toyota,DEALER & INVENTORY,Dealer locator; Finance calculator,Confirmed,Financial Simulation - Get closer to your dream Toyota,2026-09-24
https://www.toyota.astra.co.id/shopping-tools/get-your-offer,Toyota,CONVERT,Request quote,Confirmed,Get Your Offer,2026-09-24
https://www.toyota.astra.co.id/shopping-tools/test-drive-booking,Toyota,CONVERT,Test-drive booking,Confirmed,Test Drive Booking,2026-09-24
https://www.toyota.astra.co.id/shopping-tools/trade-in,Toyota,TRADE-IN & USED VEHICLES,Trade-in information,Confirmed,Vehicle Trade-In,2026-09-24
https://www.toyota.astra.co.id/shopping-tools/vehicle-comparison,Toyota,DISCOVER,Vehicle comparison,Confirmed,Vehicle Comparison,2026-09-24
https://www.toyota.astra.co.id/tintouch,Toyota,CONNECTED VEHICLE,Mobile application,Confirmed,T Intouch | PT. Toyota-Astra Motor,2026-09-24
https://www.toyota.astra.co.id/veloz-hybridev-book,Toyota,CONVERT,Online reservation,Partial,Veloz Hybrid EV Book | PT. Toyota-Astra Motor,2026-09-28
